<RTSQ>
<AMTDUserName>myusername</AMTDUserName>
<AMTDPassword>mypassword</AMTDPassword>
<AMTDAccountNumber>78812121212</AMTDAccountNumber>
<AMTDsourceID>F2</AMTDsourceID>



<maxquotes>200</maxquotes>
<maxsymbols>80</maxsymbols>
<timebetweenquotes>30</timebetweenquotes>


<starttime>9</starttime>
<endtime>16</endtime>

<ENVlinux>
<logfile>/tmp/RTSQ.log</logfile>
<mysqlpassword>qwer</mysqlpassword>
</ENVlinux>

<ENVwindows>
<logfile>c:\\RTSQ.log</logfile>
<mysqlpassword>abcd</mysqlpassword>
</ENVwindows>




<symbols>
<symbol>MMM</symbol>
<symbol>AFL</symbol>
<symbol>ABB</symbol>
<symbol>ABT</symbol>
<symbol>ABN</symbol>
<symbol>ACN</symbol>
<symbol>ACE</symbol>
<symbol>ADBE</symbol>
<symbol>AES</symbol>
<symbol>AET</symbol>
<symbol>A</symbol>
<symbol>APD</symbol>
<symbol>ALU</symbol>
<symbol>AA</symbol>
<symbol>ACL</symbol>
<symbol>AGN</symbol>
<symbol>AZ</symbol>
<symbol>AIB</symbol>
<symbol>ALL</symbol>
<symbol>MO</symbol>
<symbol>AMZN</symbol>
<symbol>AEP</symbol>
<symbol>AXP</symbol>
<symbol>AIG</symbol>
<symbol>AMT</symbol>
<symbol>AEE</symbol>
<symbol>AMX</symbol>
<symbol>AMP</symbol>
<symbol>AMGN</symbol>
<symbol>APC</symbol>
<symbol>AU</symbol>
<symbol>BUD</symbol>
<symbol>AOC</symbol>
<symbol>APA</symbol>
<symbol>APOL</symbol>
<symbol>AAPL</symbol>
<symbol>AMAT</symbol>
<symbol>MT</symbol>
<symbol>ADM</symbol>
<symbol>AZN</symbol>
<symbol>T</symbol>
<symbol>AUO</symbol>
<symbol>ADSK</symbol>
<symbol>ADP</symbol>
<symbol>AVP</symbol>
<symbol>AXA</symbol>
<symbol>BCE</symbol>
<symbol>BIDU</symbol>
<symbol>BHI</symbol>
<symbol>BBV</symbol>
<symbol>BBD</symbol>
<symbol>BCH</symbol>
<symbol>ITU</symbol>
<symbol>BMA</symbol>
<symbol>STD</symbol>
<symbol>BMO</symbol>
<symbol>BNS</symbol>
<symbol>BK</symbol>
<symbol>BCS</symbol>
<symbol>ABX</symbol>
<symbol>BAX</symbol>
<symbol>BBT</symbol>
<symbol>BSC</symbol>
<symbol>BDX</symbol>
<symbol>BBY</symbol>
<symbol>BHP</symbol>
<symbol>BBL</symbol>
<symbol>BIIB</symbol>
<symbol>BAC</symbol>
<symbol>BLK</symbol>
<symbol>BA</symbol>
<symbol>BXP</symbol>
<symbol>BSX</symbol>
<symbol>BP</symbol>
<symbol>BMY</symbol>
<symbol>BTI</symbol>
<symbol>BSY</symbol>
<symbol>BRCM</symbol>
<symbol>BAM</symbol>
<symbol>BT</symbol>
<symbol>BG</symbol>
<symbol>BNI</symbol>
<symbol>CRH</symbol>
<symbol>CSX</symbol>
<symbol>CA</symbol>
<symbol>CSG</symbol>
<symbol>CCJ</symbol>
<symbol>CAM</symbol>
<symbol>CPB</symbol>
<symbol>CNQ</symbol>
<symbol>CNI</symbol>
<symbol>CAJ</symbol>
<symbol>COF</symbol>
<symbol>CAH</symbol>
<symbol>CCL</symbol>
<symbol>CUK</symbol>
<symbol>CAT</symbol>
<symbol>CBS</symbol>
<symbol>CELG</symbol>
<symbol>CX</symbol>
<symbol>SCHW</symbol>
<symbol>CHK</symbol>
<symbol>CVX</symbol>
<symbol>LFC</symbol>
<symbol>CHL</symbol>
<symbol>CN</symbol>
<symbol>SNP</symbol>
<symbol>CHA</symbol>
<symbol>CHU</symbol>
<symbol>CB</symbol>
<symbol>CHT</symbol>
<symbol>CI</symbol>
<symbol>CSCO</symbol>
<symbol>C</symbol>
<symbol>CCU</symbol>
<symbol>CME</symbol>
<symbol>CNH</symbol>
<symbol>CEO</symbol>
<symbol>COH</symbol>
<symbol>KO</symbol>
<symbol>CCE</symbol>
<symbol>CCH</symbol>
<symbol>CL</symbol>
<symbol>CMCSA</symbol>
<symbol>ABV</symbol>
<symbol>SID</symbol>
<symbol>RIO</symbol>
<symbol>CAG</symbol>
<symbol>COP</symbol>
<symbol>ED</symbol>
<symbol>CEG</symbol>
<symbol>GLW</symbol>
<symbol>COST</symbol>
<symbol>COV</symbol>
<symbol>CS</symbol>
<symbol>CCI</symbol>
<symbol>CMI</symbol>
<symbol>CVS</symbol>
<symbol>DAI</symbol>
<symbol>DHR</symbol>
<symbol>DE</symbol>
<symbol>DELL</symbol>
<symbol>DB</symbol>
<symbol>DT</symbol>
<symbol>DVN</symbol>
<symbol>DEO</symbol>
<symbol>DO</symbol>
<symbol>D</symbol>
<symbol>DOW</symbol>
<symbol>DD</symbol>
<symbol>DUK</symbol>
<symbol>EMC</symbol>
<symbol>E</symbol>
<symbol>ETN</symbol>
<symbol>EBAY</symbol>
<symbol>DISH</symbol>
<symbol>ECL</symbol>
<symbol>EIX</symbol>
<symbol>EP</symbol>
<symbol>ELN</symbol>
<symbol>ERTS</symbol>
<symbol>EDS</symbol>
<symbol>EMR</symbol>
<symbol>EDN</symbol>
<symbol>EOC</symbol>
<symbol>ENB</symbol>
<symbol>ECA</symbol>
<symbol>ELE</symbol>
<symbol>EN</symbol>
<symbol>ENI</symbol>
<symbol>ETR</symbol>
<symbol>EPD</symbol>
<symbol>EOG</symbol>
<symbol>EXC</symbol>
<symbol>ESRX</symbol>
<symbol>XOM</symbol>
<symbol>FPL</symbol>
<symbol>FNM</symbol>
<symbol>FRE</symbol>
<symbol>FDX</symbol>
<symbol>FITB</symbol>
<symbol>FSLR</symbol>
<symbol>FE</symbol>
<symbol>FLEX</symbol>
<symbol>FLR</symbol>
<symbol>FMX</symbol>
<symbol>F</symbol>
<symbol>FRX</symbol>
<symbol>FO</symbol>
<symbol>FTE</symbol>
<symbol>BEN</symbol>
<symbol>FCX</symbol>
<symbol>GPS</symbol>
<symbol>GRMN</symbol>
<symbol>GD</symbol>
<symbol>GE</symbol>
<symbol>GGP</symbol>
<symbol>GIS</symbol>
<symbol>GM</symbol>
<symbol>DNA</symbol>
<symbol>GNW</symbol>
<symbol>GENZ</symbol>
<symbol>GGB</symbol>
<symbol>GILD</symbol>
<symbol>GSK</symbol>
<symbol>GSF</symbol>
<symbol>GFI</symbol>
<symbol>GG</symbol>
<symbol>GS</symbol>
<symbol>GOOG</symbol>
<symbol>IRE</symbol>
<symbol>OMAB</symbol>
<symbol>HAL</symbol>
<symbol>HOG</symbol>
<symbol>HET</symbol>
<symbol>HIG</symbol>
<symbol>HDB</symbol>
<symbol>HNZ</symbol>
<symbol>OTE</symbol>
<symbol>HES</symbol>
<symbol>HPQ</symbol>
<symbol>HIT</symbol>
<symbol>HD</symbol>
<symbol>HMC</symbol>
<symbol>HON</symbol>
<symbol>HNP</symbol>
<symbol>HUM</symbol>
<symbol>ITT</symbol>
<symbol>IBN</symbol>
<symbol>ITW</symbol>
<symbol>IMO</symbol>
<symbol>ITY</symbol>
<symbol>INFY</symbol>
<symbol>ING</symbol>
<symbol>IR</symbol>
<symbol>INTC</symbol>
<symbol>ICE</symbol>
<symbol>IBM</symbol>
<symbol>IGT</symbol>
<symbol>IP</symbol>
<symbol>ISRG</symbol>
<symbol>IVZ</symbol>
<symbol>JNJ</symbol>
<symbol>JCI</symbol>
<symbol>JPM</symbol>
<symbol>JNPR</symbol>
<symbol>K</symbol>
<symbol>KMB</symbol>
<symbol>KMP</symbol>
<symbol>KGC</symbol>
<symbol>KSS</symbol>
<symbol>PHG</symbol>
<symbol>KB</symbol>
<symbol>KEP</symbol>
<symbol>KFT</symbol>
<symbol>KR</symbol>
<symbol>KTC</symbol>
<symbol>KYO</symbol>
<symbol>LLL</symbol>
<symbol>LVS</symbol>
<symbol>LEH</symbol>
<symbol>LPL</symbol>
<symbol>LBTYA</symbol>
<symbol>LCAPA</symbol>
<symbol>LINTA</symbol>
<symbol>LLY</symbol>
<symbol>LNC</symbol>
<symbol>LYG</symbol>
<symbol>ERIC</symbol>
<symbol>LMT</symbol>
<symbol>LTR</symbol>
<symbol>LOW</symbol>
<symbol>LUX</symbol>
<symbol>LYO</symbol>
<symbol>MGM</symbol>
<symbol>M</symbol>
<symbol>MGA</symbol>
<symbol>MFC</symbol>
<symbol>MRO</symbol>
<symbol>MAR</symbol>
<symbol>MMC</symbol>
<symbol>MA</symbol>
<symbol>MC</symbol>
<symbol>MDR</symbol>
<symbol>MCD</symbol>
<symbol>MHP</symbol>
<symbol>MCK</symbol>
<symbol>MTL</symbol>
<symbol>MHS</symbol>
<symbol>MDT</symbol>
<symbol>WFR</symbol>
<symbol>MRK</symbol>
<symbol>MET</symbol>
<symbol>MSFT</symbol>
<symbol>MICC</symbol>
<symbol>MTU</symbol>
<symbol>MITSY</symbol>
<symbol>MER</symbol>
<symbol>MBT</symbol>
<symbol>MON</symbol>
<symbol>MS</symbol>
<symbol>MOS</symbol>
<symbol>MOT</symbol>
<symbol>MUR</symbol>
<symbol>NGG</symbol>
<symbol>NBG</symbol>
<symbol>NCC</symbol>
<symbol>NOV</symbol>
<symbol>NEM</symbol>
<symbol>NJ</symbol>
<symbol>NKE</symbol>
<symbol>NTT</symbol>
<symbol>NE</symbol>
<symbol>NBL</symbol>
<symbol>NOK</symbol>
<symbol>NMR</symbol>
<symbol>NSC</symbol>
<symbol>NHY</symbol>
<symbol>NTRS</symbol>
<symbol>NOC</symbol>
<symbol>NVS</symbol>
<symbol>NVO</symbol>
<symbol>DCM</symbol>
<symbol>NUE</symbol>
<symbol>NVDA</symbol>
<symbol>NMX</symbol>
<symbol>NYX</symbol>
<symbol>OXY</symbol>
<symbol>OMC</symbol>
<symbol>ORCL</symbol>
<symbol>IX</symbol>
<symbol>PNC</symbol>
<symbol>PPG</symbol>
<symbol>PCAR</symbol>
<symbol>PH</symbol>
<symbol>PAYX</symbol>
<symbol>BTU</symbol>
<symbol>PSO</symbol>
<symbol>PEP</symbol>
<symbol>PCZ</symbol>
<symbol>PTR</symbol>
<symbol>PBR</symbol>
<symbol>PFE</symbol>
<symbol>PCG</symbol>
<symbol>PHI</symbol>
<symbol>PT</symbol>
<symbol>PKX</symbol>
<symbol>POT</symbol>
<symbol>PPL</symbol>
<symbol>PX</symbol>
<symbol>PCP</symbol>
<symbol>PFG</symbol>
<symbol>PG</symbol>
<symbol>PGN</symbol>
<symbol>PGR</symbol>
<symbol>PLD</symbol>
<symbol>PRU</symbol>
<symbol>PUK</symbol>
<symbol>TLK</symbol>
<symbol>PEG</symbol>
<symbol>PSA</symbol>
<symbol>QCOM</symbol>
<symbol>DGX</symbol>
<symbol>Q</symbol>
<symbol>RTN</symbol>
<symbol>RUK</symbol>
<symbol>ENL</symbol>
<symbol>RF</symbol>
<symbol>REP</symbol>
<symbol>RIMM</symbol>
<symbol>RTRSY</symbol>
<symbol>RAI</symbol>
<symbol>RTP</symbol>
<symbol>COL</symbol>
<symbol>RCI</symbol>
<symbol>RY</symbol>
<symbol>KPN</symbol>
<symbol>RYAAY</symbol>
<symbol>SWY</symbol>
<symbol>SNY</symbol>
<symbol>SAP</symbol>
<symbol>SLE</symbol>
<symbol>SSL</symbol>
<symbol>SGP</symbol>
<symbol>SLB</symbol>
<symbol>STX</symbol>
<symbol>SHLD</symbol>
<symbol>SRE</symbol>
<symbol>SJR</symbol>
<symbol>SHG</symbol>
<symbol>SHPGY</symbol>
<symbol>SI</symbol>
<symbol>SPG</symbol>
<symbol>SLM</symbol>
<symbol>SII</symbol>
<symbol>SNN</symbol>
<symbol>SNE</symbol>
<symbol>SO</symbol>
<symbol>PCU</symbol>
<symbol>SE</symbol>
<symbol>S</symbol>
<symbol>STJ</symbol>
<symbol>SPLS</symbol>
<symbol>SBUX</symbol>
<symbol>HOT</symbol>
<symbol>STT</symbol>
<symbol>STO</symbol>
<symbol>SLT</symbol>
<symbol>STM</symbol>
<symbol>SEO</symbol>
<symbol>SYK</symbol>
<symbol>SLF</symbol>
<symbol>SU</symbol>
<symbol>STI</symbol>
<symbol>SYMC</symbol>
<symbol>SYT</symbol>
<symbol>SYY</symbol>
<symbol>TJX</symbol>
<symbol>TROW</symbol>
<symbol>TSM</symbol>
<symbol>TLM</symbol>
<symbol>TGT</symbol>
<symbol>AMTD</symbol>
<symbol>TCK</symbol>
<symbol>TCN</symbol>
<symbol>SKM</symbol>
<symbol>TSP</symbol>
<symbol>TEF</symbol>
<symbol>TMX</symbol>
<symbol>TKG</symbol>
<symbol>TU</symbol>
<symbol>TV</symbol>
<symbol>TS</symbol>
<symbol>TEVA</symbol>
<symbol>TXN</symbol>
<symbol>TXT</symbol>
<symbol>DTV</symbol>
<symbol>TRV</symbol>
<symbol>TMO</symbol>
<symbol>TOC</symbol>
<symbol>TWC</symbol>
<symbol>TWX</symbol>
<symbol>TD</symbol>
<symbol>TOT</symbol>
<symbol>TM</symbol>
<symbol>TRP</symbol>
<symbol>RIG</symbol>
<symbol>TKC</symbol>
<symbol>TEL</symbol>
<symbol>TYC</symbol>
<symbol>UBS</symbol>
<symbol>UPL</symbol>
<symbol>UBB</symbol>
<symbol>UN</symbol>
<symbol>UL</symbol>
<symbol>UNP</symbol>
<symbol>UPS</symbol>
<symbol>X</symbol>
<symbol>UTX</symbol>
<symbol>UNH</symbol>
<symbol>UPM</symbol>
<symbol>USB</symbol>
<symbol>VLO</symbol>
<symbol>VE</symbol>
<symbol>VZ</symbol>
<symbol>VIP</symbol>
<symbol>VMW</symbol>
<symbol>VOD</symbol>
<symbol>VOLV</symbol>
<symbol>VNO</symbol>
<symbol>WB</symbol>
<symbol>WMT</symbol>
<symbol>WAG</symbol>
<symbol>DIS</symbol>
<symbol>WM</symbol>
<symbol>WMI</symbol>
<symbol>WFT</symbol>
<symbol>WLP</symbol>
<symbol>WFC</symbol>
<symbol>WU</symbol>
<symbol>WBK</symbol>
<symbol>WY</symbol>
<symbol>WMB</symbol>
<symbol>WIT</symbol>
<symbol>WF</symbol>
<symbol>WPPGY</symbol>
<symbol>WWY</symbol>
<symbol>WYE</symbol>
<symbol>WYNN</symbol>
<symbol>XRX</symbol>
<symbol>XTO</symbol>
<symbol>YPF</symbol>
<symbol>YHOO</symbol>
<symbol>YUM</symbol>
<symbol>ZMH</symbol>


<symbol>LEG</symbol>
<symbol>LXK</symbol>
<symbol>GPN</symbol>
<symbol>SLW</symbol>
<symbol>CHD</symbol>


</symbols>



</RTSQ>
